location,avg(temperature),avg(humidity)
BuildingB_Floor2,25.056477732793528,54.698299595141705
BuildingA_Floor2,25.053147410358548,55.00569721115538
BuildingB_Floor1,24.74505882352942,54.09482352941178
BuildingA_Floor1,24.72072874493926,54.55647773279351
