sensor_id,avg_temp,rank_temp
1078,30.07166666666667,1
1087,28.208571428571428,2
1069,27.82571428571428,3
1092,27.825000000000003,4
1024,27.55333333333333,5
